{
    "key": "group_64056cdc9150f",
    "title": "Case Study Flexible",
    "fields": [
        {
            "key": "field_64056cdc8df8c",
            "label": "Case Study Flexible",
            "name": "case_study_flexible",
            "aria-label": "",
            "type": "flexible_content",
            "instructions": "",
            "required": 0,
            "conditional_logic": 0,
            "wrapper": {
                "width": "",
                "class": "",
                "id": ""
            },
            "acfe_flexible_advanced": 1,
            "acfe_flexible_stylised_button": 0,
            "acfe_flexible_hide_empty_message": 0,
            "acfe_flexible_empty_message": "",
            "acfe_flexible_layouts_templates": 0,
            "acfe_flexible_layouts_placeholder": 0,
            "acfe_flexible_layouts_thumbnails": 0,
            "acfe_flexible_layouts_settings": 0,
            "acfe_flexible_async": [],
            "acfe_flexible_add_actions": [
                "copy"
            ],
            "acfe_flexible_remove_button": [],
            "acfe_flexible_layouts_state": "user",
            "acfe_flexible_modal_edit": {
                "acfe_flexible_modal_edit_enabled": "0",
                "acfe_flexible_modal_edit_size": "large"
            },
            "acfe_flexible_modal": {
                "acfe_flexible_modal_enabled": "0",
                "acfe_flexible_modal_title": false,
                "acfe_flexible_modal_size": "full",
                "acfe_flexible_modal_col": "4",
                "acfe_flexible_modal_categories": false
            },
            "layouts": {
                "layout_64056d0fb7b86": {
                    "key": "layout_64056d0fb7b86",
                    "name": "content_block",
                    "label": "Content Block",
                    "display": "block",
                    "sub_fields": [
                        {
                            "key": "field_64056d27dd75b",
                            "label": "Content Block Field Clone",
                            "name": "content_block_field_clone",
                            "aria-label": "",
                            "type": "clone",
                            "instructions": "",
                            "required": 0,
                            "conditional_logic": 0,
                            "wrapper": {
                                "width": "",
                                "class": "",
                                "id": ""
                            },
                            "clone": [
                                "group_6405697647c31"
                            ],
                            "display": "seamless",
                            "layout": "block",
                            "prefix_label": 0,
                            "prefix_name": 0,
                            "acfe_seamless_style": 0,
                            "acfe_clone_modal": 0,
                            "acfe_clone_modal_close": 0,
                            "acfe_clone_modal_button": "",
                            "acfe_clone_modal_size": "large"
                        }
                    ],
                    "min": "",
                    "max": "",
                    "acfe_flexible_render_template": false,
                    "acfe_flexible_render_style": false,
                    "acfe_flexible_render_script": false,
                    "acfe_flexible_thumbnail": false,
                    "acfe_flexible_settings": false,
                    "acfe_flexible_settings_size": "medium",
                    "acfe_flexible_modal_edit_size": false,
                    "acfe_flexible_category": false
                },
                "layout_64056fbc24d67": {
                    "key": "layout_64056fbc24d67",
                    "name": "related_case_studies",
                    "label": "Related Case Studies",
                    "display": "block",
                    "sub_fields": [
                        {
                            "key": "field_64056fcd24d69",
                            "label": "Related Case Studies Field Clone",
                            "name": "related_case_studies_field_clone",
                            "aria-label": "",
                            "type": "clone",
                            "instructions": "",
                            "required": 0,
                            "conditional_logic": 0,
                            "wrapper": {
                                "width": "",
                                "class": "",
                                "id": ""
                            },
                            "clone": [
                                "group_64019ae6da7d7"
                            ],
                            "display": "seamless",
                            "layout": "block",
                            "prefix_label": 0,
                            "prefix_name": 0,
                            "acfe_seamless_style": 0,
                            "acfe_clone_modal": 0,
                            "acfe_clone_modal_close": 0,
                            "acfe_clone_modal_button": "",
                            "acfe_clone_modal_size": "large"
                        }
                    ],
                    "min": "",
                    "max": "",
                    "acfe_flexible_render_template": false,
                    "acfe_flexible_render_style": false,
                    "acfe_flexible_render_script": false,
                    "acfe_flexible_thumbnail": false,
                    "acfe_flexible_settings": false,
                    "acfe_flexible_settings_size": "medium",
                    "acfe_flexible_modal_edit_size": false,
                    "acfe_flexible_category": false
                },
                "layout_6405761eb2b4c": {
                    "key": "layout_6405761eb2b4c",
                    "name": "project_value",
                    "label": "Project Value",
                    "display": "block",
                    "sub_fields": [
                        {
                            "key": "field_64057630b2b4e",
                            "label": "Project Value Field Clone",
                            "name": "project_value_field_clone",
                            "aria-label": "",
                            "type": "clone",
                            "instructions": "",
                            "required": 0,
                            "conditional_logic": 0,
                            "wrapper": {
                                "width": "",
                                "class": "",
                                "id": ""
                            },
                            "clone": [
                                "group_6405750af3fd9"
                            ],
                            "display": "seamless",
                            "layout": "block",
                            "prefix_label": 0,
                            "prefix_name": 0,
                            "acfe_seamless_style": 0,
                            "acfe_clone_modal": 0,
                            "acfe_clone_modal_close": 0,
                            "acfe_clone_modal_button": "",
                            "acfe_clone_modal_size": "large"
                        }
                    ],
                    "min": "",
                    "max": "",
                    "acfe_flexible_render_template": false,
                    "acfe_flexible_render_style": false,
                    "acfe_flexible_render_script": false,
                    "acfe_flexible_thumbnail": false,
                    "acfe_flexible_settings": false,
                    "acfe_flexible_settings_size": "medium",
                    "acfe_flexible_modal_edit_size": false,
                    "acfe_flexible_category": false
                }
            },
            "min": "",
            "max": "",
            "button_label": "Add Row",
            "acfe_flexible_layouts_previews": false
        }
    ],
    "location": [
        [
            {
                "param": "post_type",
                "operator": "==",
                "value": "case-studies"
            }
        ]
    ],
    "menu_order": 0,
    "position": "normal",
    "style": "default",
    "label_placement": "left",
    "instruction_placement": "label",
    "hide_on_screen": "",
    "active": true,
    "description": "",
    "show_in_rest": 0,
    "acfe_display_title": "",
    "acfe_autosync": [
        "json"
    ],
    "acfe_form": 0,
    "acfe_meta": "",
    "acfe_note": "",
    "modified": 1678799585
}