{
    "key": "group_63ff2b8e123f5",
    "title": "Page Flexible",
    "fields": [
        {
            "key": "field_63ff2b8ea27b3",
            "label": "Page Flexible",
            "name": "page_flexible",
            "aria-label": "",
            "type": "flexible_content",
            "instructions": "",
            "required": 0,
            "conditional_logic": 0,
            "wrapper": {
                "width": "",
                "class": "",
                "id": ""
            },
            "acfe_flexible_advanced": 1,
            "acfe_flexible_stylised_button": 0,
            "acfe_flexible_hide_empty_message": 0,
            "acfe_flexible_empty_message": "",
            "acfe_flexible_layouts_templates": 0,
            "acfe_flexible_layouts_placeholder": 0,
            "acfe_flexible_layouts_thumbnails": 0,
            "acfe_flexible_layouts_settings": 0,
            "acfe_flexible_async": [],
            "acfe_flexible_add_actions": [
                "copy"
            ],
            "acfe_flexible_remove_button": [],
            "acfe_flexible_layouts_state": "user",
            "acfe_flexible_modal_edit": {
                "acfe_flexible_modal_edit_enabled": "0",
                "acfe_flexible_modal_edit_size": "large"
            },
            "acfe_flexible_modal": {
                "acfe_flexible_modal_enabled": "0",
                "acfe_flexible_modal_title": false,
                "acfe_flexible_modal_size": "full",
                "acfe_flexible_modal_col": "4",
                "acfe_flexible_modal_categories": false
            },
            "layouts": {
                "layout_63ff2b9c6e3e2": {
                    "key": "layout_63ff2b9c6e3e2",
                    "name": "image_hero_banner",
                    "label": "Image Hero Banner",
                    "display": "block",
                    "sub_fields": [
                        {
                            "key": "field_63ff42af80286",
                            "label": "Image Hero Banner Field Clone",
                            "name": "image_hero_banner_field_clone",
                            "aria-label": "",
                            "type": "clone",
                            "instructions": "",
                            "required": 0,
                            "conditional_logic": 0,
                            "wrapper": {
                                "width": "",
                                "class": "",
                                "id": ""
                            },
                            "clone": [
                                "group_63ff2b033779f"
                            ],
                            "display": "seamless",
                            "layout": "block",
                            "prefix_label": 0,
                            "prefix_name": 0,
                            "acfe_seamless_style": 0,
                            "acfe_clone_modal": 0,
                            "acfe_clone_modal_close": 0,
                            "acfe_clone_modal_button": "",
                            "acfe_clone_modal_size": "large"
                        }
                    ],
                    "min": "",
                    "max": "",
                    "acfe_flexible_render_template": false,
                    "acfe_flexible_render_style": false,
                    "acfe_flexible_render_script": false,
                    "acfe_flexible_thumbnail": false,
                    "acfe_flexible_settings": false,
                    "acfe_flexible_settings_size": "medium",
                    "acfe_flexible_modal_edit_size": false,
                    "acfe_flexible_category": false
                },
                "layout_64003d0a12d1d": {
                    "key": "layout_64003d0a12d1d",
                    "name": "homepage_hero_banner",
                    "label": "Homepage Hero Banner",
                    "display": "block",
                    "sub_fields": [
                        {
                            "key": "field_64003d2112d1f",
                            "label": "Homepage Hero Banner Field Clone",
                            "name": "homepage_hero_banner_field_clone",
                            "aria-label": "",
                            "type": "clone",
                            "instructions": "",
                            "required": 0,
                            "conditional_logic": 0,
                            "wrapper": {
                                "width": "",
                                "class": "",
                                "id": ""
                            },
                            "clone": [
                                "group_64003bc80fe09"
                            ],
                            "display": "seamless",
                            "layout": "block",
                            "prefix_label": 0,
                            "prefix_name": 0,
                            "acfe_seamless_style": 0,
                            "acfe_clone_modal": 0,
                            "acfe_clone_modal_close": 0,
                            "acfe_clone_modal_button": "",
                            "acfe_clone_modal_size": "large"
                        }
                    ],
                    "min": "",
                    "max": "",
                    "acfe_flexible_render_template": false,
                    "acfe_flexible_render_style": false,
                    "acfe_flexible_render_script": false,
                    "acfe_flexible_thumbnail": false,
                    "acfe_flexible_settings": false,
                    "acfe_flexible_settings_size": "medium",
                    "acfe_flexible_modal_edit_size": false,
                    "acfe_flexible_category": false
                },
                "layout_640049c7314fa": {
                    "key": "layout_640049c7314fa",
                    "name": "services",
                    "label": "Services",
                    "display": "block",
                    "sub_fields": [
                        {
                            "key": "field_640049cd314fc",
                            "label": "Services Field Clone",
                            "name": "services_field_clone",
                            "aria-label": "",
                            "type": "clone",
                            "instructions": "",
                            "required": 0,
                            "conditional_logic": 0,
                            "wrapper": {
                                "width": "",
                                "class": "",
                                "id": ""
                            },
                            "clone": [
                                "group_6400483dbcc84"
                            ],
                            "display": "seamless",
                            "layout": "block",
                            "prefix_label": 0,
                            "prefix_name": 0,
                            "acfe_seamless_style": 0,
                            "acfe_clone_modal": 0,
                            "acfe_clone_modal_close": 0,
                            "acfe_clone_modal_button": "",
                            "acfe_clone_modal_size": "large"
                        }
                    ],
                    "min": "",
                    "max": "",
                    "acfe_flexible_render_template": false,
                    "acfe_flexible_render_style": false,
                    "acfe_flexible_render_script": false,
                    "acfe_flexible_thumbnail": false,
                    "acfe_flexible_settings": false,
                    "acfe_flexible_settings_size": "medium",
                    "acfe_flexible_modal_edit_size": false,
                    "acfe_flexible_category": false
                },
                "layout_6400654024097": {
                    "key": "layout_6400654024097",
                    "name": "logos",
                    "label": "logos",
                    "display": "block",
                    "sub_fields": [
                        {
                            "key": "field_6400656473044",
                            "label": "Logos Field Clone",
                            "name": "logos_field_clone",
                            "aria-label": "",
                            "type": "clone",
                            "instructions": "",
                            "required": 0,
                            "conditional_logic": 0,
                            "wrapper": {
                                "width": "",
                                "class": "",
                                "id": ""
                            },
                            "clone": [
                                "group_6400648301aed"
                            ],
                            "display": "seamless",
                            "layout": "block",
                            "prefix_label": 0,
                            "prefix_name": 0,
                            "acfe_seamless_style": 0,
                            "acfe_clone_modal": 0,
                            "acfe_clone_modal_close": 0,
                            "acfe_clone_modal_button": "",
                            "acfe_clone_modal_size": "large"
                        }
                    ],
                    "min": "",
                    "max": "",
                    "acfe_flexible_render_template": false,
                    "acfe_flexible_render_style": false,
                    "acfe_flexible_render_script": false,
                    "acfe_flexible_thumbnail": false,
                    "acfe_flexible_settings": false,
                    "acfe_flexible_settings_size": "medium",
                    "acfe_flexible_modal_edit_size": false,
                    "acfe_flexible_category": false
                },
                "layout_6400840201def": {
                    "key": "layout_6400840201def",
                    "name": "infographic_block",
                    "label": "Infographic Block",
                    "display": "block",
                    "sub_fields": [
                        {
                            "key": "field_6400841701df1",
                            "label": "Infographic Block Field Clone",
                            "name": "infographic_block_field_clone",
                            "aria-label": "",
                            "type": "clone",
                            "instructions": "",
                            "required": 0,
                            "conditional_logic": 0,
                            "wrapper": {
                                "width": "",
                                "class": "",
                                "id": ""
                            },
                            "clone": [
                                "group_64008136afacb"
                            ],
                            "display": "seamless",
                            "layout": "block",
                            "prefix_label": 0,
                            "prefix_name": 0,
                            "acfe_seamless_style": 0,
                            "acfe_clone_modal": 0,
                            "acfe_clone_modal_close": 0,
                            "acfe_clone_modal_button": "",
                            "acfe_clone_modal_size": "large"
                        }
                    ],
                    "min": "",
                    "max": "",
                    "acfe_flexible_render_template": false,
                    "acfe_flexible_render_style": false,
                    "acfe_flexible_render_script": false,
                    "acfe_flexible_thumbnail": false,
                    "acfe_flexible_settings": false,
                    "acfe_flexible_settings_size": "medium",
                    "acfe_flexible_modal_edit_size": false,
                    "acfe_flexible_category": false
                },
                "layout_6401802f408f4": {
                    "key": "layout_6401802f408f4",
                    "name": "accordion",
                    "label": "Accordion",
                    "display": "block",
                    "sub_fields": [
                        {
                            "key": "field_64018055408f6",
                            "label": "Acoordion Block Field",
                            "name": "acoordion_block_field",
                            "aria-label": "",
                            "type": "clone",
                            "instructions": "",
                            "required": 0,
                            "conditional_logic": 0,
                            "wrapper": {
                                "width": "",
                                "class": "",
                                "id": ""
                            },
                            "clone": [
                                "group_64017f5069953"
                            ],
                            "display": "seamless",
                            "layout": "block",
                            "prefix_label": 0,
                            "prefix_name": 0,
                            "acfe_seamless_style": 0,
                            "acfe_clone_modal": 0,
                            "acfe_clone_modal_close": 0,
                            "acfe_clone_modal_button": "",
                            "acfe_clone_modal_size": "large"
                        }
                    ],
                    "min": "",
                    "max": "",
                    "acfe_flexible_render_template": false,
                    "acfe_flexible_render_style": false,
                    "acfe_flexible_render_script": false,
                    "acfe_flexible_thumbnail": false,
                    "acfe_flexible_settings": false,
                    "acfe_flexible_settings_size": "medium",
                    "acfe_flexible_modal_edit_size": false,
                    "acfe_flexible_category": false
                },
                "layout_6401ad3ec0a1d": {
                    "key": "layout_6401ad3ec0a1d",
                    "name": "related_case_studies",
                    "label": "Related Case Studies",
                    "display": "block",
                    "sub_fields": [
                        {
                            "key": "field_6401ad70c0a1f",
                            "label": "Related Case Studies Field Clone",
                            "name": "related_case_studies_field_clone",
                            "aria-label": "",
                            "type": "clone",
                            "instructions": "",
                            "required": 0,
                            "conditional_logic": 0,
                            "wrapper": {
                                "width": "",
                                "class": "",
                                "id": ""
                            },
                            "clone": [
                                "group_64019ae6da7d7"
                            ],
                            "display": "seamless",
                            "layout": "block",
                            "prefix_label": 0,
                            "prefix_name": 0,
                            "acfe_seamless_style": 0,
                            "acfe_clone_modal": 0,
                            "acfe_clone_modal_close": 0,
                            "acfe_clone_modal_button": "",
                            "acfe_clone_modal_size": "large"
                        }
                    ],
                    "min": "",
                    "max": "",
                    "acfe_flexible_render_template": false,
                    "acfe_flexible_render_style": false,
                    "acfe_flexible_render_script": false,
                    "acfe_flexible_thumbnail": false,
                    "acfe_flexible_settings": false,
                    "acfe_flexible_settings_size": "medium",
                    "acfe_flexible_modal_edit_size": false,
                    "acfe_flexible_category": false
                },
                "layout_64071f5d872ef": {
                    "key": "layout_64071f5d872ef",
                    "name": "background_image",
                    "label": "Background Image",
                    "display": "block",
                    "sub_fields": [
                        {
                            "key": "field_64071f6d872f1",
                            "label": "Background Image Field Clone",
                            "name": "background_image_field_clone",
                            "aria-label": "",
                            "type": "clone",
                            "instructions": "",
                            "required": 0,
                            "conditional_logic": 0,
                            "wrapper": {
                                "width": "",
                                "class": "",
                                "id": ""
                            },
                            "clone": [
                                "group_64071f182b40a"
                            ],
                            "display": "seamless",
                            "layout": "block",
                            "prefix_label": 0,
                            "prefix_name": 0,
                            "acfe_seamless_style": 0,
                            "acfe_clone_modal": 0,
                            "acfe_clone_modal_close": 0,
                            "acfe_clone_modal_button": "",
                            "acfe_clone_modal_size": "large"
                        }
                    ],
                    "min": "",
                    "max": "",
                    "acfe_flexible_render_template": false,
                    "acfe_flexible_render_style": false,
                    "acfe_flexible_render_script": false,
                    "acfe_flexible_thumbnail": false,
                    "acfe_flexible_settings": false,
                    "acfe_flexible_settings_size": "medium",
                    "acfe_flexible_modal_edit_size": false,
                    "acfe_flexible_category": false
                },
                "layout_640eb3ab71233": {
                    "key": "layout_640eb3ab71233",
                    "name": "content_block",
                    "label": "Content Block",
                    "display": "block",
                    "sub_fields": [
                        {
                            "key": "field_640eb3b871235",
                            "label": "Contant Block Field Clone",
                            "name": "contant_block_field_clone",
                            "aria-label": "",
                            "type": "clone",
                            "instructions": "",
                            "required": 0,
                            "conditional_logic": 0,
                            "wrapper": {
                                "width": "",
                                "class": "",
                                "id": ""
                            },
                            "clone": [
                                "group_6405697647c31"
                            ],
                            "display": "seamless",
                            "layout": "block",
                            "prefix_label": 0,
                            "prefix_name": 0,
                            "acfe_seamless_style": 0,
                            "acfe_clone_modal": 0,
                            "acfe_clone_modal_close": 0,
                            "acfe_clone_modal_button": "",
                            "acfe_clone_modal_size": "large"
                        }
                    ],
                    "min": "",
                    "max": "",
                    "acfe_flexible_render_template": false,
                    "acfe_flexible_render_style": false,
                    "acfe_flexible_render_script": false,
                    "acfe_flexible_thumbnail": false,
                    "acfe_flexible_settings": false,
                    "acfe_flexible_settings_size": "medium",
                    "acfe_flexible_modal_edit_size": false,
                    "acfe_flexible_category": false
                },
                "layout_640eecb7b0cac": {
                    "key": "layout_640eecb7b0cac",
                    "name": "select_form",
                    "label": "Select Form",
                    "display": "block",
                    "sub_fields": [
                        {
                            "key": "field_640eecc1b0cae",
                            "label": "Select Form Field Clone",
                            "name": "select_form_field_clone",
                            "aria-label": "",
                            "type": "clone",
                            "instructions": "",
                            "required": 0,
                            "conditional_logic": 0,
                            "wrapper": {
                                "width": "",
                                "class": "",
                                "id": ""
                            },
                            "clone": [
                                "group_640eeb8815eb1"
                            ],
                            "display": "seamless",
                            "layout": "block",
                            "prefix_label": 0,
                            "prefix_name": 0,
                            "acfe_seamless_style": 0,
                            "acfe_clone_modal": 0,
                            "acfe_clone_modal_close": 0,
                            "acfe_clone_modal_button": "",
                            "acfe_clone_modal_size": "large"
                        }
                    ],
                    "min": "",
                    "max": "",
                    "acfe_flexible_render_template": false,
                    "acfe_flexible_render_style": false,
                    "acfe_flexible_render_script": false,
                    "acfe_flexible_thumbnail": false,
                    "acfe_flexible_settings": false,
                    "acfe_flexible_settings_size": "medium",
                    "acfe_flexible_modal_edit_size": false,
                    "acfe_flexible_category": false
                },
                "layout_641049307aa7c": {
                    "key": "layout_641049307aa7c",
                    "name": "related_team",
                    "label": "Related Team",
                    "display": "block",
                    "sub_fields": [
                        {
                            "key": "field_641049397aa7e",
                            "label": "Related Team Field Clone",
                            "name": "related_team_field_clone",
                            "aria-label": "",
                            "type": "clone",
                            "instructions": "",
                            "required": 0,
                            "conditional_logic": 0,
                            "wrapper": {
                                "width": "",
                                "class": "",
                                "id": ""
                            },
                            "clone": [
                                "group_64104816dacba"
                            ],
                            "display": "seamless",
                            "layout": "block",
                            "prefix_label": 0,
                            "prefix_name": 0,
                            "acfe_seamless_style": 0,
                            "acfe_clone_modal": 0,
                            "acfe_clone_modal_close": 0,
                            "acfe_clone_modal_button": "",
                            "acfe_clone_modal_size": "large"
                        }
                    ],
                    "min": "",
                    "max": "",
                    "acfe_flexible_render_template": false,
                    "acfe_flexible_render_style": false,
                    "acfe_flexible_render_script": false,
                    "acfe_flexible_thumbnail": false,
                    "acfe_flexible_settings": false,
                    "acfe_flexible_settings_size": "medium",
                    "acfe_flexible_modal_edit_size": false,
                    "acfe_flexible_category": false
                }
            },
            "min": "",
            "max": "",
            "button_label": "Add Row",
            "acfe_flexible_layouts_previews": false
        }
    ],
    "location": [
        [
            {
                "param": "post_type",
                "operator": "==",
                "value": "page"
            }
        ]
    ],
    "menu_order": 0,
    "position": "normal",
    "style": "default",
    "label_placement": "left",
    "instruction_placement": "label",
    "hide_on_screen": "",
    "active": true,
    "description": "",
    "show_in_rest": 0,
    "acfe_display_title": "",
    "acfe_autosync": [
        "json"
    ],
    "acfe_form": 0,
    "acfe_meta": "",
    "acfe_note": "",
    "modified": 1678799557
}