{
    "key": "group_63ff4b7b64593",
    "title": "_clone: Heading Tag",
    "fields": [
        {
            "key": "field_63ff4b7b3f3cf",
            "label": "Select Heading Tag",
            "name": "select_heading_tag",
            "aria-label": "",
            "type": "select",
            "instructions": "",
            "required": 0,
            "conditional_logic": 0,
            "wrapper": {
                "width": "20",
                "class": "",
                "id": ""
            },
            "choices": {
                "h1": "H1",
                "h2": "H2",
                "h3": "H3",
                "h4": "H4",
                "h5": "H5",
                "h6": "H6",
                "p": "P",
                "span": "Span"
            },
            "default_value": false,
            "return_format": "value",
            "multiple": 0,
            "allow_null": 0,
            "ui": 0,
            "ajax": 0,
            "placeholder": "",
            "allow_custom": 0,
            "search_placeholder": ""
        }
    ],
    "location": [
        [
            {
                "param": "post_type",
                "operator": "==",
                "value": "post"
            }
        ]
    ],
    "menu_order": 0,
    "position": "normal",
    "style": "default",
    "label_placement": "left",
    "instruction_placement": "label",
    "hide_on_screen": "",
    "active": false,
    "description": "",
    "show_in_rest": 0,
    "acfe_display_title": "",
    "acfe_autosync": [
        "json"
    ],
    "acfe_form": 0,
    "acfe_meta": "",
    "acfe_note": "",
    "modified": 1683267710
}